IU. Student |,Ankit Sharma,29
IU. Sstuagentz,Priya Nair,24
IV: STUGENTO,Rahul Mehta,25
IU: STUGeNTS,Sneha Rao,18
IU. StTUageNnto,Amit Verma,27
IU. Student |,Ankit Sharma,29
IU. Sstuagentz,Priya Nair,24
IV: STUGENTO,Rahul Mehta,25
IU: STUGeNTS,Sneha Rao,18
IU. StTUageNnto,Amit Verma,27
IU. Student |,Ankit Sharma,29
IU. Sstuagentz,Priya Nair,24
IV: STUGENTO,Rahul Mehta,25
IU: STUGeNTS,Sneha Rao,18
IU. StTUageNnto,Amit Verma,27
IU. Student |,Ankit Sharma,29
IU. Sstuagentz,Priya Nair,24
IV: STUGENTO,Rahul Mehta,25
IU: STUGeNTS,Sneha Rao,18
IU. StTUageNnto,Amit Verma,27
IU. Student |,Ankit Sharma,29
IU. Sstuagentz,Priya Nair,24
IV: STUGENTO,Rahul Mehta,25
IU: STUGeNTS,Sneha Rao,18
IU. StTUageNnto,Amit Verma,27
IU. Student |,Ankit Sharma,29
IU. Sstuagentz,Priya Nair,24
IV: STUGENTO,Rahul Mehta,25
IU: STUGeNTS,Sneha Rao,18
IU. StTUageNnto,Amit Verma,27
IU. Student |,Ankit Sharma,29
IU. Sstuagentz,Priya Nair,24
IV: STUGENTO,Rahul Mehta,25
IU: STUGeNTS,Sneha Rao,18
IU. StTUageNnto,Amit Verma,27
IU. Student |,Ankit Sharma,29
IU. Sstuagentz,Priya Nair,24
IV: STUGENTO,Rahul Mehta,25
IU: STUGeNTS,Sneha Rao,18
IU. StTUageNnto,Amit Verma,27
IU. Student |,Ankit Sharma,29
IU. Sstuagentz,Priya Nair,24
IV: STUGENTO,Rahul Mehta,25
IU: STUGeNTS,Sneha Rao,18
IU. StTUageNnto,Amit Verma,27
IU. Student |,Ankit Sharma,29
IU. Sstuagentz,Priya Nair,24
IV: STUGENTO,Rahul Mehta,25
IU: STUGeNTS,Sneha Rao,18
IU. StTUageNnto,Amit Verma,27
IU. Student |,Ankit Sharma,29
IU. Sstuagentz,Priya Nair,24
IV: STUGENTO,Rahul Mehta,25
IU: STUGeNTS,Sneha Rao,18
IU. StTUageNnto,Amit Verma,27
IU. Student |,Ankit Sharma,29
IU. Sstuagentz,Priya Nair,24
IV: STUGENTO,Rahul Mehta,25
IU: STUGeNTS,Sneha Rao,18
IU. StTUageNnto,Amit Verma,27
